subscription_id,account_id,plan,mrr,discount_rate,start_date,end_date,status
SUB00001_1,ACCT00001,Basic,87.84,0.11268160830150609,2024-07-26,2025-03-29,churned
SUB00002_1,ACCT00002,Basic,92.75,0.06313111437575254,2024-07-13,2025-01-06,churned
SUB00002_2,ACCT00002,Pro,343.49,0.13911084190201167,2025-02-01,2025-08-11,churned
SUB00003_1,ACCT00003,Basic,87.81,0.11306938949001769,2025-01-24,2025-08-16,active
SUB00003_2,ACCT00003,Basic,89.53,0.09569602563116922,2025-09-28,2025-08-16,active
SUB00004_1,ACCT00004,Pro,385.55,0.0337126485018145,2024-12-18,2025-06-19,churned
SUB00005_1,ACCT00005,Basic,86.49,0.126335454572992,2024-10-04,2025-04-26,churned
SUB00006_1,ACCT00006,Basic,94.42,0.046220527466613925,2025-01-02,2025-08-16,active
SUB00006_2,ACCT00006,Basic,90.1,0.08993387169601577,2025-09-01,2025-08-16,active
SUB00007_1,ACCT00007,Pro,326.62,0.181401740545525,2025-02-11,2025-05-18,churned
SUB00007_2,ACCT00007,Pro,362.34,0.09188386248092295,2025-06-05,2025-08-16,active
SUB00008_1,ACCT00008,Basic,93.49,0.055634028085666296,2024-11-16,2025-08-16,active
SUB00009_1,ACCT00009,Enterprise,1902.43,0.04830742544026503,2025-04-03,2025-08-16,active
SUB00009_2,ACCT00009,Pro,310.73,0.22122168248680718,2025-09-21,2025-08-16,active
SUB00010_1,ACCT00010,Basic,91.71,0.07366189981638549,2024-09-27,2025-02-17,churned
SUB00010_2,ACCT00010,Basic,84.81,0.1433507820476696,2025-03-21,2025-08-16,active
SUB00011_1,ACCT00011,Pro,356.91,0.1054826595441675,2024-08-25,2024-10-28,churned
SUB00012_1,ACCT00012,Pro,345.93,0.13300841326288693,2025-04-21,2025-08-08,churned
SUB00012_2,ACCT00012,Basic,98.43,0.005722067420465715,2025-09-06,2025-08-16,active
SUB00013_1,ACCT00013,Pro,383.99,0.03762957025855296,2024-12-16,2025-04-28,churned
SUB00014_1,ACCT00014,Pro,347.07,0.13015469097439197,2024-11-20,2025-08-02,churned
SUB00015_1,ACCT00015,Pro,363.58,0.08876304759494287,2025-04-30,2025-08-16,active
SUB00016_1,ACCT00016,Basic,99.0,0.0,2025-01-13,2025-06-19,churned
SUB00017_1,ACCT00017,Pro,350.32,0.12199278876041003,2024-10-01,2025-08-16,active
SUB00017_2,ACCT00017,Pro,398.8,0.0005080299307906877,2025-09-05,2025-08-16,active
SUB00018_1,ACCT00018,Pro,363.44,0.08912240479882348,2024-12-18,2025-03-06,churned
SUB00019_1,ACCT00019,Basic,83.39,0.1576988040784563,2025-03-07,2025-08-16,active
SUB00019_2,ACCT00019,Enterprise,1980.28,0.0093657955185307,2025-09-16,2025-08-16,active
SUB00020_1,ACCT00020,Basic,92.17,0.06901214758899421,2024-10-26,2025-03-22,churned
SUB00021_1,ACCT00021,Basic,87.53,0.11585565373932458,2025-01-19,2025-05-20,churned
SUB00022_1,ACCT00022,Pro,340.41,0.14683363155099316,2025-02-17,2025-08-16,active
SUB00022_2,ACCT00022,Pro,361.52,0.09394258725012627,2025-09-04,2025-08-16,active
SUB00023_1,ACCT00023,Basic,94.85,0.041925596578561854,2024-12-27,2025-06-14,churned
SUB00024_1,ACCT00024,Basic,97.55,0.01461071859653744,2025-04-04,2025-06-05,churned
SUB00024_2,ACCT00024,Pro,399.0,0.0,2025-07-19,2025-08-16,active
SUB00025_1,ACCT00025,Pro,358.94,0.10039921147592092,2024-09-16,2025-05-30,churned
SUB00025_2,ACCT00025,Pro,380.64,0.046020152054516865,2025-06-18,2025-08-16,active
SUB00026_1,ACCT00026,Basic,82.62,0.16545848516697764,2025-01-08,2025-07-12,churned
SUB00027_1,ACCT00027,Basic,89.42,0.09678471611569663,2024-08-28,2025-03-04,churned
SUB00027_2,ACCT00027,Basic,95.96,0.030730187113684457,2025-04-04,2025-08-03,churned
SUB00028_1,ACCT00028,Basic,88.0,0.11111081009259921,2024-09-15,2024-12-23,churned
SUB00028_2,ACCT00028,Basic,92.62,0.0643968124775645,2025-01-15,2025-08-16,active
SUB00029_1,ACCT00029,Pro,372.73,0.06584926392669394,2024-07-11,2025-02-18,churned
SUB00030_1,ACCT00030,Pro,314.94,0.21066606727821346,2024-08-20,2025-03-06,churned
SUB00030_2,ACCT00030,Pro,342.46,0.14170990352671953,2025-04-07,2025-08-16,active
SUB00031_1,ACCT00031,Basic,87.98,0.11132793939930358,2024-11-29,2025-08-16,active
SUB00032_1,ACCT00032,Basic,87.57,0.11540510109803347,2024-12-07,2025-06-23,churned
SUB00033_1,ACCT00033,Pro,335.36,0.15949345790744984,2024-10-06,2025-04-03,churned
SUB00034_1,ACCT00034,Basic,91.96,0.0711343596568182,2024-12-02,2025-02-10,churned
SUB00035_1,ACCT00035,Pro,386.86,0.030430076711590946,2025-04-20,2025-08-16,active
SUB00035_2,ACCT00035,Pro,328.56,0.17653635242592003,2025-09-10,2025-08-16,active
SUB00036_1,ACCT00036,Basic,94.94,0.04101434276548288,2024-12-03,2025-03-19,churned
SUB00037_1,ACCT00037,Basic,92.46,0.06605096358498874,2024-06-26,2025-05-25,churned
SUB00038_1,ACCT00038,Enterprise,1914.25,0.042395155544951386,2025-04-03,2025-08-16,active
SUB00039_1,ACCT00039,Basic,97.2,0.018207523982912692,2024-12-28,2025-08-16,active
SUB00039_2,ACCT00039,Basic,88.69,0.10415218526527878,2025-08-25,2025-08-16,active
SUB00040_1,ACCT00040,Enterprise,1768.63,0.11524458171715934,2024-11-23,2025-06-07,churned
SUB00040_2,ACCT00040,Pro,361.27,0.09454968190997197,2025-06-17,2025-08-16,active
SUB00041_1,ACCT00041,Basic,93.08,0.059781608844356945,2024-07-11,2025-05-19,churned
SUB00041_2,ACCT00041,Pro,395.46,0.008883365496758194,2025-05-28,2025-08-16,active
SUB00042_1,ACCT00042,Basic,88.84,0.102661965320787,2024-09-24,2025-06-14,churned
SUB00043_1,ACCT00043,Basic,87.38,0.11732467125392211,2024-11-23,2025-02-22,churned
SUB00043_2,ACCT00043,Pro,374.05,0.0625290536150437,2025-04-07,2025-08-16,active
SUB00044_1,ACCT00044,Basic,94.33,0.047189289684909146,2025-03-02,2025-08-16,active
SUB00045_1,ACCT00045,Pro,387.67,0.02840581364399463,2024-07-06,2024-09-20,churned
SUB00046_1,ACCT00046,Basic,98.42,0.005835678122938337,2025-02-03,2025-05-06,churned
SUB00047_1,ACCT00047,Pro,343.16,0.13996192550033137,2024-12-30,2025-08-16,active
SUB00048_1,ACCT00048,Pro,361.91,0.09296661959767719,2024-12-11,2025-05-12,churned
SUB00049_1,ACCT00049,Basic,95.75,0.03285986162606716,2025-04-14,2025-08-16,active
SUB00049_2,ACCT00049,Pro,387.92,0.02777255211562142,2025-09-01,2025-08-16,active
SUB00050_1,ACCT00050,Basic,87.35,0.11768041054637216,2025-05-08,2025-08-15,active
SUB00050_2,ACCT00050,Pro,385.18,0.03464485980803895,2025-09-25,2025-08-16,active
SUB00051_1,ACCT00051,Enterprise,1573.68,0.2127646785306696,2024-10-21,2025-08-16,active
SUB00051_2,ACCT00051,Basic,91.93,0.07139780145604711,2025-08-28,2025-08-16,active
SUB00052_1,ACCT00052,Enterprise,1929.7,0.034666360780870764,2024-10-24,2025-06-09,churned
SUB00052_2,ACCT00052,Pro,375.6,0.05864282771195801,2025-06-28,2025-08-16,active
SUB00053_1,ACCT00053,Pro,391.38,0.019086298722209363,2025-01-06,2025-08-07,churned
SUB00053_2,ACCT00053,Basic,82.23,0.1694436584611957,2025-08-30,2025-08-16,active
SUB00054_1,ACCT00054,Pro,352.77,0.11585804039784514,2024-09-24,2025-08-16,active
SUB00055_1,ACCT00055,Basic,82.68,0.16489721092059678,2025-04-28,2025-08-16,active
SUB00055_2,ACCT00055,Basic,84.75,0.1439817233856526,2025-09-06,2025-08-16,active
SUB00056_1,ACCT00056,Basic,94.5,0.04543764793392878,2025-05-11,2025-08-16,active
SUB00057_1,ACCT00057,Basic,88.79,0.10315165835093003,2024-12-25,2025-08-16,active
SUB00058_1,ACCT00058,Pro,352.25,0.11717813846963787,2024-08-08,2025-06-19,churned
SUB00058_2,ACCT00058,Enterprise,1782.99,0.1080583210316628,2025-06-24,2025-08-16,active
SUB00059_1,ACCT00059,Pro,307.46,0.2294123794201654,2024-08-08,2025-06-05,churned
SUB00060_1,ACCT00060,Basic,91.65,0.074279239014423,2024-08-14,2025-04-15,churned
SUB00060_2,ACCT00060,Basic,90.25,0.08835474963892564,2025-05-09,2025-08-16,active
SUB00061_1,ACCT00061,Basic,90.5,0.08589886111989738,2025-04-02,2025-08-16,active
SUB00062_1,ACCT00062,Enterprise,1749.43,0.12484656351652867,2024-07-07,2024-11-08,churned
SUB00062_2,ACCT00062,Pro,369.23,0.07461002652123154,2024-12-12,2025-03-29,churned
SUB00063_1,ACCT00063,Pro,376.19,0.05716092437031388,2025-05-18,2025-08-16,active
SUB00064_1,ACCT00064,Basic,83.75,0.15404414284359003,2025-02-03,2025-04-07,churned
SUB00065_1,ACCT00065,Enterprise,1929.74,0.034646766419679495,2025-03-04,2025-05-22,churned
SUB00066_1,ACCT00066,Basic,91.08,0.08004557660379034,2024-11-15,2025-08-16,active
SUB00067_1,ACCT00067,Basic,81.25,0.1792939874687572,2024-11-30,2025-08-12,churned
SUB00067_2,ACCT00067,Basic,96.84,0.021854544060381537,2025-09-01,2025-08-16,active
SUB00068_1,ACCT00068,Basic,91.78,0.07295004826633972,2024-12-21,2025-05-09,churned
SUB00068_2,ACCT00068,Basic,99.0,0.0,2025-05-27,2025-08-16,active
SUB00069_1,ACCT00069,Pro,359.39,0.09927419669463575,2025-03-14,2025-08-16,active
SUB00069_2,ACCT00069,Pro,366.66,0.0810594826659057,2025-09-08,2025-08-16,active
SUB00070_1,ACCT00070,Pro,352.06,0.11763483632284422,2024-08-24,2025-07-13,churned
SUB00070_2,ACCT00070,Pro,365.58,0.0837507602038741,2025-07-24,2025-08-16,active
SUB00071_1,ACCT00071,Basic,92.52,0.06544723269050456,2025-04-09,2025-08-16,active
SUB00071_2,ACCT00071,Pro,374.35,0.061767499087446325,2025-09-16,2025-08-16,active
SUB00072_1,ACCT00072,Pro,354.11,0.11251133295454638,2024-10-19,2025-08-12,churned
SUB00073_1,ACCT00073,Basic,94.6,0.04441213489955272,2025-02-19,2025-05-08,churned
SUB00073_2,ACCT00073,Basic,93.03,0.06026432525912591,2025-06-03,2025-08-16,active
SUB00074_1,ACCT00074,Basic,99.0,0.0,2024-10-04,2025-03-21,churned
SUB00074_2,ACCT00074,Pro,389.31,0.024279325945827282,2025-04-24,2025-07-22,churned
SUB00075_1,ACCT00075,Basic,95.6,0.034393615226416166,2024-11-09,2025-07-24,churned
SUB00075_2,ACCT00075,Pro,382.0,0.04259734096590622,2025-08-18,2025-08-16,active
SUB00076_1,ACCT00076,Pro,380.11,0.047351028807004474,2025-01-19,2025-08-16,active
SUB00076_2,ACCT00076,Basic,95.72,0.033102898360391916,2025-08-22,2025-08-16,active
SUB00077_1,ACCT00077,Basic,92.14,0.06930280823598403,2024-06-30,2025-03-17,churned
SUB00077_2,ACCT00077,Basic,90.13,0.08960512515051224,2025-04-05,2025-08-16,active
SUB00078_1,ACCT00078,Basic,80.31,0.18881600116071473,2025-03-18,2025-08-16,active
SUB00078_2,ACCT00078,Pro,378.32,0.05184032357614305,2025-08-27,2025-08-16,active
SUB00079_1,ACCT00079,Basic,80.89,0.1828907337350198,2024-10-08,2024-12-27,churned
SUB00079_2,ACCT00079,Pro,361.56,0.09383555580124299,2025-01-21,2025-08-16,active
SUB00080_1,ACCT00080,Basic,91.42,0.07655261296856007,2024-08-14,2025-06-16,churned
SUB00080_2,ACCT00080,Enterprise,1751.06,0.12403122309363285,2025-07-02,2025-08-16,active
SUB00081_1,ACCT00081,Pro,371.63,0.06859604055627816,2025-01-01,2025-08-16,active
SUB00082_1,ACCT00082,Pro,361.28,0.09453166479496998,2025-03-15,2025-08-16,active
SUB00082_2,ACCT00082,Basic,93.92,0.05130437971795088,2025-09-25,2025-08-16,active
SUB00083_1,ACCT00083,Basic,96.32,0.02709746243104741,2025-02-23,2025-07-24,churned
SUB00083_2,ACCT00083,Basic,93.32,0.05735181313450306,2025-08-17,2025-08-16,active
SUB00084_1,ACCT00084,Basic,97.46,0.015510887192441022,2024-12-05,2025-02-18,churned
SUB00085_1,ACCT00085,Basic,90.59,0.0849711345282378,2025-03-26,2025-08-16,active
SUB00085_2,ACCT00085,Pro,395.4,0.009034971055383423,2025-08-30,2025-08-16,active
SUB00086_1,ACCT00086,Basic,97.87,0.011450016568120586,2024-11-26,2025-08-16,active
SUB00086_2,ACCT00086,Pro,355.31,0.1094991089529719,2025-09-04,2025-08-16,active
SUB00087_1,ACCT00087,Basic,95.64,0.03396984176750359,2024-08-10,2025-04-26,churned
SUB00088_1,ACCT00088,Enterprise,1887.54,0.055759756235516836,2025-03-01,2025-08-16,active
SUB00089_1,ACCT00089,Pro,360.25,0.0971291628442463,2024-10-12,2025-03-02,churned
SUB00089_2,ACCT00089,Basic,84.99,0.14148193028538666,2025-04-13,2025-08-16,active
SUB00090_1,ACCT00090,Basic,90.26,0.08823668506567489,2024-07-29,2025-04-19,churned
SUB00090_2,ACCT00090,Enterprise,1867.94,0.06556099971064029,2025-05-29,2025-08-16,active
SUB00091_1,ACCT00091,Basic,89.35,0.09743079756347321,2025-03-03,2025-07-28,churned
SUB00091_2,ACCT00091,Enterprise,1849.4,0.07483785401827006,2025-08-04,2025-08-16,active
SUB00092_1,ACCT00092,Basic,99.0,0.0,2025-03-12,2025-08-16,active
SUB00093_1,ACCT00093,Pro,399.0,0.0,2024-07-26,2024-12-30,churned
SUB00094_1,ACCT00094,Basic,95.66,0.033714510644395,2024-08-29,2025-08-02,churned
SUB00095_1,ACCT00095,Basic,94.57,0.04469863962960599,2024-10-26,2025-08-01,churned
SUB00096_1,ACCT00096,Basic,82.54,0.16625066571021263,2025-01-24,2025-04-10,churned
SUB00096_2,ACCT00096,Basic,85.28,0.13859886514953773,2025-05-11,2025-08-16,active
SUB00097_1,ACCT00097,Basic,95.37,0.03662373670880986,2024-07-19,2025-03-31,churned
SUB00098_1,ACCT00098,Enterprise,1741.02,0.1290550653634766,2025-01-25,2025-08-16,active
SUB00099_1,ACCT00099,Basic,94.25,0.04797875923831429,2024-07-02,2024-12-05,churned
SUB00100_1,ACCT00100,Enterprise,1960.73,0.01914274146031751,2025-04-17,2025-08-07,churned
SUB00100_2,ACCT00100,Pro,376.92,0.05533795254868526,2025-08-17,2025-08-16,active
SUB00101_1,ACCT00101,Basic,96.54,0.02487289486586293,2025-02-06,2025-08-16,active
SUB00102_1,ACCT00102,Enterprise,1828.12,0.08548422567467694,2025-03-22,2025-08-16,active
SUB00103_1,ACCT00103,Basic,89.07,0.1003495265727638,2024-10-02,2025-03-04,churned
SUB00104_1,ACCT00104,Basic,93.8,0.0525211503664955,2024-07-04,2025-05-04,churned
SUB00104_2,ACCT00104,Basic,96.35,0.026726766425714484,2025-06-15,2025-08-16,active
SUB00105_1,ACCT00105,Pro,373.19,0.06469668994951665,2024-09-19,2024-11-19,churned
SUB00106_1,ACCT00106,Enterprise,1875.13,0.06196750741340944,2024-09-26,2025-08-07,churned
SUB00106_2,ACCT00106,Basic,87.36,0.11760865873090112,2025-09-01,2025-08-16,active
SUB00107_1,ACCT00107,Pro,368.57,0.07626830337428031,2024-09-23,2025-07-08,churned
SUB00107_2,ACCT00107,Basic,95.34,0.03696891975296085,2025-08-19,2025-08-16,active
SUB00108_1,ACCT00108,Pro,376.17,0.05721655822770562,2024-07-27,2024-11-03,churned
SUB00108_2,ACCT00108,Pro,344.69,0.13610644292511095,2024-11-26,2025-03-29,churned
SUB00109_1,ACCT00109,Basic,89.51,0.09584856940591693,2024-09-02,2024-11-14,churned
SUB00110_1,ACCT00110,Pro,322.35,0.19210246375060275,2024-09-13,2024-11-29,churned
SUB00111_1,ACCT00111,Pro,390.65,0.020915954149595087,2024-10-31,2025-04-30,churned
SUB00112_1,ACCT00112,Basic,94.19,0.04860490753580756,2024-07-04,2025-03-14,churned
SUB00113_1,ACCT00113,Pro,355.75,0.10840439331594075,2025-04-07,2025-08-16,active
SUB00114_1,ACCT00114,Pro,372.53,0.0663367224238761,2024-08-19,2025-07-24,churned
SUB00115_1,ACCT00115,Enterprise,1857.09,0.0709922992339158,2024-10-01,2025-04-13,churned
SUB00115_2,ACCT00115,Enterprise,1957.33,0.0208445364133691,2025-05-19,2025-08-16,active
SUB00116_1,ACCT00116,Basic,85.82,0.13309914773790624,2025-01-28,2025-08-16,active
SUB00116_2,ACCT00116,Basic,92.55,0.06518533382410942,2025-09-03,2025-08-16,active
SUB00117_1,ACCT00117,Basic,85.52,0.13619753250387098,2024-11-12,2025-03-10,churned
SUB00117_2,ACCT00117,Basic,86.89,0.12231937100271333,2025-04-14,2025-08-16,active
SUB00118_1,ACCT00118,Enterprise,1815.79,0.09165179035073334,2024-11-16,2025-03-25,churned
SUB00118_2,ACCT00118,Pro,377.29,0.05440101630445274,2025-04-19,2025-08-16,active
SUB00119_1,ACCT00119,Basic,91.61,0.07468787273203963,2024-12-05,2025-06-10,churned
SUB00120_1,ACCT00120,Enterprise,1635.96,0.18161207428653903,2024-10-22,2025-08-16,active
SUB00121_1,ACCT00121,Enterprise,1870.79,0.06413860232458998,2024-09-15,2025-01-19,churned
SUB00122_1,ACCT00122,Pro,387.06,0.02992000215599582,2025-01-10,2025-06-16,churned
SUB00123_1,ACCT00123,Pro,380.97,0.045186477583801045,2024-08-19,2025-07-06,churned
SUB00123_2,ACCT00123,Pro,387.46,0.028914264473401133,2025-07-13,2025-08-16,active
SUB00124_1,ACCT00124,Basic,88.12,0.10993345621911149,2025-02-10,2025-07-05,churned
SUB00124_2,ACCT00124,Basic,97.71,0.013071902769265092,2025-07-11,2025-08-16,active
SUB00125_1,ACCT00125,Pro,338.94,0.15051608983510079,2025-02-18,2025-05-25,churned
SUB00125_2,ACCT00125,Pro,371.89,0.06794254931649443,2025-06-11,2025-08-16,active
SUB00126_1,ACCT00126,Basic,85.57,0.13569800998146697,2024-08-01,2025-04-25,churned
SUB00127_1,ACCT00127,Pro,360.27,0.09706570746026003,2025-01-11,2025-05-10,churned
SUB00128_1,ACCT00128,Basic,93.88,0.05170758438958163,2024-07-20,2025-07-11,churned
SUB00129_1,ACCT00129,Pro,340.57,0.14645303703239218,2025-02-07,2025-04-13,churned
SUB00129_2,ACCT00129,Pro,323.37,0.18953820813996058,2025-04-23,2025-08-16,active
SUB00130_1,ACCT00130,Pro,360.98,0.09529716032059588,2025-02-22,2025-08-16,active
SUB00131_1,ACCT00131,Basic,95.45,0.035898936999914165,2024-12-04,2025-08-16,active
SUB00131_2,ACCT00131,Basic,82.09,0.17085504783119823,2025-08-28,2025-08-16,active
SUB00132_1,ACCT00132,Basic,84.87,0.14276703420141104,2025-01-13,2025-08-16,active
SUB00132_2,ACCT00132,Pro,394.91,0.010253836360011523,2025-09-17,2025-08-16,active
SUB00133_1,ACCT00133,Enterprise,1907.49,0.045776933054969514,2024-10-21,2025-04-24,churned
SUB00133_2,ACCT00133,Basic,88.46,0.10644809210130612,2025-05-30,2025-08-16,active
SUB00134_1,ACCT00134,Pro,375.42,0.05909141129529484,2024-11-02,2025-04-19,churned
SUB00134_2,ACCT00134,Pro,370.0,0.07267820846536131,2025-05-06,2025-08-16,active
SUB00135_1,ACCT00135,Basic,91.88,0.07192627172182342,2025-03-21,2025-08-16,active
SUB00135_2,ACCT00135,Basic,98.77,0.0023089508511585644,2025-08-21,2025-08-16,active
SUB00136_1,ACCT00136,Basic,86.2,0.12924624653167782,2024-09-05,2025-03-04,churned
SUB00137_1,ACCT00137,Basic,83.42,0.15736425478839253,2025-04-08,2025-08-16,active
SUB00138_1,ACCT00138,Pro,379.8,0.048121622313201044,2024-07-12,2025-02-06,churned
SUB00139_1,ACCT00139,Pro,392.62,0.015991054512924055,2024-10-02,2025-01-21,churned
SUB00140_1,ACCT00140,Pro,368.51,0.0764264408942776,2025-03-13,2025-06-25,churned
SUB00140_2,ACCT00140,Basic,92.75,0.063148993560362,2025-07-31,2025-08-16,active
SUB00141_1,ACCT00141,Pro,354.11,0.11249749088815744,2024-07-17,2024-10-21,churned
SUB00142_1,ACCT00142,Pro,357.52,0.10397054832843684,2024-10-24,2025-08-16,active
SUB00143_1,ACCT00143,Basic,91.52,0.0755409749768869,2025-01-21,2025-08-16,active
SUB00143_2,ACCT00143,Basic,90.33,0.08755105297731683,2025-09-09,2025-08-16,active
SUB00144_1,ACCT00144,Enterprise,1906.26,0.04639567566477206,2025-05-14,2025-08-16,active
SUB00145_1,ACCT00145,Basic,92.89,0.06171820958859482,2025-03-10,2025-08-16,active
SUB00145_2,ACCT00145,Basic,95.48,0.03553837562765323,2025-09-21,2025-08-16,active
SUB00146_1,ACCT00146,Basic,97.91,0.011017420402435751,2024-11-15,2025-02-19,churned
SUB00146_2,ACCT00146,Basic,99.0,0.0,2025-03-03,2025-08-16,active
SUB00147_1,ACCT00147,Pro,362.3,0.09198952592024816,2024-09-01,2024-12-08,churned
SUB00148_1,ACCT00148,Pro,362.38,0.09177495415916595,2024-09-18,2025-06-11,churned
SUB00148_2,ACCT00148,Basic,86.25,0.12883515309656712,2025-07-20,2025-08-16,active
SUB00149_1,ACCT00149,Basic,94.09,0.04961191482892299,2024-10-17,2025-02-07,churned
SUB00149_2,ACCT00149,Pro,358.64,0.10115483768674997,2025-03-14,2025-08-16,active
SUB00150_1,ACCT00150,Basic,96.77,0.022563242558001843,2024-10-30,2025-08-16,active
SUB00151_1,ACCT00151,Basic,99.0,0.0,2025-02-18,2025-08-16,active
SUB00152_1,ACCT00152,Pro,324.92,0.1856722146355368,2024-10-15,2025-08-16,active
SUB00152_2,ACCT00152,Basic,90.58,0.08505759060501734,2025-09-05,2025-08-16,active
SUB00153_1,ACCT00153,Basic,93.82,0.05229008968938738,2024-07-14,2024-11-14,churned
SUB00154_1,ACCT00154,Pro,351.06,0.120141291005341,2025-01-24,2025-05-08,churned
SUB00155_1,ACCT00155,Pro,367.47,0.07902270070124195,2025-02-12,2025-08-16,active
SUB00156_1,ACCT00156,Basic,97.9,0.011070181931205625,2024-12-11,2025-08-16,active
SUB00156_2,ACCT00156,Basic,83.9,0.15256234446125916,2025-09-21,2025-08-16,active
SUB00157_1,ACCT00157,Pro,381.82,0.04307000296075528,2025-04-07,2025-08-11,churned
SUB00158_1,ACCT00158,Enterprise,1828.03,0.08552715754122497,2024-12-03,2025-02-16,churned
SUB00159_1,ACCT00159,Basic,97.93,0.010784635919547383,2025-04-27,2025-08-16,active
SUB00159_2,ACCT00159,Pro,336.0,0.15788511797750632,2025-09-19,2025-08-16,active
SUB00160_1,ACCT00160,Pro,346.28,0.13212467484299925,2024-11-24,2025-01-27,churned
SUB00161_1,ACCT00161,Pro,346.1,0.13258118823968557,2024-12-14,2025-08-16,active
SUB00162_1,ACCT00162,Basic,88.4,0.1071145604184755,2025-04-19,2025-08-16,active
SUB00163_1,ACCT00163,Basic,80.71,0.18479458652495234,2024-09-13,2025-08-16,active
SUB00163_2,ACCT00163,Enterprise,1851.65,0.07371179893701858,2025-09-08,2025-08-16,active
SUB00164_1,ACCT00164,Basic,91.14,0.07936781279289522,2025-01-15,2025-05-30,churned
SUB00164_2,ACCT00164,Basic,91.39,0.07683851927936017,2025-06-23,2025-08-16,active
SUB00165_1,ACCT00165,Pro,365.53,0.08387772209955395,2025-02-03,2025-05-27,churned
SUB00166_1,ACCT00166,Basic,95.61,0.03419876821412339,2025-01-15,2025-06-17,churned
SUB00166_2,ACCT00166,Pro,343.72,0.13855844612754104,2025-07-20,2025-08-16,active
SUB00167_1,ACCT00167,Enterprise,1861.71,0.06867874571690485,2025-01-11,2025-07-02,churned
SUB00167_2,ACCT00167,Pro,361.36,0.09434594817699146,2025-08-02,2025-08-16,active
SUB00168_1,ACCT00168,Enterprise,1894.8,0.05212827139862654,2025-04-07,2025-07-10,churned
SUB00168_2,ACCT00168,Basic,87.3,0.11818133294187005,2025-07-20,2025-08-16,active
SUB00169_1,ACCT00169,Enterprise,1769.96,0.11457630743982536,2025-03-30,2025-08-16,active
SUB00169_2,ACCT00169,Pro,396.11,0.00724880016361068,2025-09-29,2025-08-16,active
SUB00170_1,ACCT00170,Basic,90.71,0.08372895762509647,2025-04-17,2025-08-16,active
SUB00170_2,ACCT00170,Enterprise,1774.66,0.11222745078044019,2025-09-20,2025-08-16,active
SUB00171_1,ACCT00171,Enterprise,1932.18,0.033424307197819456,2025-02-10,2025-07-14,churned
SUB00171_2,ACCT00171,Enterprise,1767.8,0.1156599369198999,2025-07-25,2025-08-16,active
SUB00172_1,ACCT00172,Pro,368.1,0.07744153594370466,2024-08-14,2025-07-18,churned
SUB00172_2,ACCT00172,Enterprise,1792.43,0.10333507523063713,2025-08-06,2025-08-16,active
SUB00173_1,ACCT00173,Basic,83.56,0.1559159060659958,2024-09-06,2025-06-16,churned
SUB00173_2,ACCT00173,Pro,355.84,0.10817732524636837,2025-06-28,2025-08-16,active
SUB00174_1,ACCT00174,Basic,92.37,0.06694846128732804,2025-04-16,2025-08-16,active
SUB00175_1,ACCT00175,Pro,374.7,0.060905257622121844,2024-12-10,2025-05-26,churned
SUB00175_2,ACCT00175,Enterprise,1986.23,0.006386876353128956,2025-06-11,2025-08-16,active
SUB00176_1,ACCT00176,Pro,381.23,0.04452883254070525,2025-03-23,2025-08-16,active
SUB00176_2,ACCT00176,Basic,93.77,0.052781963754641684,2025-08-27,2025-08-16,active
SUB00177_1,ACCT00177,Basic,92.4,0.06670858794781513,2025-01-09,2025-08-16,active
SUB00177_2,ACCT00177,Pro,329.88,0.17323259376020583,2025-09-29,2025-08-16,active
SUB00178_1,ACCT00178,Basic,98.08,0.009263784566060751,2024-10-01,2025-08-10,churned
SUB00179_1,ACCT00179,Basic,90.77,0.08313001295621238,2025-02-10,2025-08-16,active
SUB00180_1,ACCT00180,Pro,380.74,0.04575270339413118,2025-05-16,2025-08-16,active
SUB00181_1,ACCT00181,Basic,96.16,0.028714140504288117,2024-11-03,2025-05-05,churned
SUB00182_1,ACCT00182,Basic,88.75,0.10354471693356869,2024-09-18,2025-05-26,churned
SUB00183_1,ACCT00183,Pro,362.07,0.09255535208361854,2024-11-11,2025-04-18,churned
SUB00184_1,ACCT00184,Enterprise,1908.12,0.04546490541881724,2024-10-18,2025-01-07,churned
SUB00185_1,ACCT00185,Pro,360.47,0.09657622403168586,2025-04-14,2025-08-16,active
SUB00186_1,ACCT00186,Basic,90.32,0.08763675677198374,2024-09-08,2025-06-15,churned
SUB00187_1,ACCT00187,Basic,83.76,0.1539189062735821,2024-08-11,2025-04-14,churned
SUB00187_2,ACCT00187,Pro,346.86,0.13068323163646772,2025-05-23,2025-08-16,active
SUB00188_1,ACCT00188,Pro,378.79,0.05064028698299556,2025-05-11,2025-08-16,active
SUB00189_1,ACCT00189,Pro,399.0,0.0,2025-04-21,2025-08-16,active
SUB00190_1,ACCT00190,Pro,381.44,0.04400566002811204,2025-05-15,2025-08-16,active
SUB00191_1,ACCT00191,Pro,383.22,0.03954947623492029,2025-01-26,2025-04-15,churned
SUB00192_1,ACCT00192,Pro,381.39,0.04413409920297463,2025-04-16,2025-08-16,active
SUB00193_1,ACCT00193,Pro,338.09,0.1526473313611138,2024-07-05,2024-10-17,churned
SUB00193_2,ACCT00193,Basic,87.88,0.11230649846546531,2024-11-25,2025-02-22,churned
SUB00194_1,ACCT00194,Basic,85.23,0.13906023252580152,2024-06-28,2024-12-31,churned
SUB00195_1,ACCT00195,Pro,371.36,0.06928278567066416,2024-12-30,2025-05-16,churned
SUB00196_1,ACCT00196,Pro,338.11,0.15261786128313778,2025-04-14,2025-07-12,churned
SUB00196_2,ACCT00196,Basic,85.21,0.13929627324558014,2025-08-05,2025-08-16,active
SUB00197_1,ACCT00197,Pro,388.65,0.025935520754707522,2024-12-02,2025-04-11,churned
SUB00197_2,ACCT00197,Basic,92.67,0.0639848036546125,2025-05-18,2025-08-16,active
SUB00198_1,ACCT00198,Basic,86.02,0.13106769754297765,2025-03-23,2025-08-16,active
SUB00198_2,ACCT00198,Basic,90.45,0.08638365923404581,2025-09-15,2025-08-16,active
SUB00199_1,ACCT00199,Basic,87.37,0.1174709520993733,2024-11-24,2025-08-16,active
SUB00200_1,ACCT00200,Pro,374.92,0.06034546605383441,2024-07-17,2025-01-31,churned
SUB00200_2,ACCT00200,Pro,376.1,0.057392137105006416,2025-02-17,2025-08-16,active
SUB00201_1,ACCT00201,Basic,96.85,0.021681798876018718,2025-04-27,2025-08-16,active
SUB00201_2,ACCT00201,Pro,378.53,0.05130201765823063,2025-09-03,2025-08-16,active
SUB00202_1,ACCT00202,Pro,371.43,0.06910843799559233,2024-10-27,2025-08-16,active
SUB00202_2,ACCT00202,Enterprise,1915.62,0.04170848147581731,2025-09-27,2025-08-16,active
SUB00203_1,ACCT00203,Basic,93.84,0.0521692277169164,2025-01-10,2025-05-11,churned
SUB00203_2,ACCT00203,Basic,89.93,0.0915862105331273,2025-06-19,2025-08-16,active
SUB00204_1,ACCT00204,Basic,85.48,0.13653968698611219,2025-03-06,2025-08-16,active
SUB00204_2,ACCT00204,Basic,91.97,0.07100611980714575,2025-09-20,2025-08-16,active
SUB00205_1,ACCT00205,Pro,385.51,0.03380520176991417,2024-06-29,2024-10-25,churned
SUB00205_2,ACCT00205,Basic,86.35,0.12781356978468789,2024-11-27,2025-06-10,churned
SUB00206_1,ACCT00206,Basic,88.79,0.10314180275136119,2025-04-06,2025-08-16,active
SUB00207_1,ACCT00207,Pro,382.64,0.04100230865251563,2024-07-28,2025-02-01,churned
SUB00207_2,ACCT00207,Basic,92.52,0.06544489248715879,2025-02-13,2025-08-16,active
SUB00208_1,ACCT00208,Pro,375.05,0.06003017322927599,2024-12-23,2025-04-08,churned
SUB00209_1,ACCT00209,Pro,370.49,0.07144469341672186,2025-02-10,2025-07-04,churned
SUB00210_1,ACCT00210,Basic,89.14,0.09959147150606901,2024-12-17,2025-08-16,active
SUB00211_1,ACCT00211,Pro,373.62,0.06360746678377224,2024-10-01,2025-06-14,churned
SUB00211_2,ACCT00211,Pro,344.08,0.13763323909000283,2025-06-28,2025-08-16,active
SUB00212_1,ACCT00212,Pro,384.47,0.03641675070474511,2025-03-13,2025-08-16,active
SUB00212_2,ACCT00212,Enterprise,1898.54,0.050255543074904825,2025-09-24,2025-08-16,active
SUB00213_1,ACCT00213,Pro,355.34,0.10941748701898846,2024-08-04,2024-10-29,churned
SUB00214_1,ACCT00214,Basic,96.35,0.026756155557700438,2025-02-13,2025-07-03,churned
SUB00215_1,ACCT00215,Enterprise,1833.18,0.08295238325310299,2025-01-17,2025-04-10,churned
SUB00215_2,ACCT00215,Pro,390.99,0.02007242902381339,2025-05-02,2025-08-16,active
SUB00216_1,ACCT00216,Basic,92.01,0.07059409351939963,2025-02-20,2025-04-23,churned
SUB00217_1,ACCT00217,Basic,89.89,0.09206974291265983,2024-09-03,2024-12-03,churned
SUB00218_1,ACCT00218,Basic,87.05,0.12069420236319114,2025-04-03,2025-08-16,active
SUB00218_2,ACCT00218,Enterprise,1878.3,0.0603797705762664,2025-09-12,2025-08-16,active
SUB00219_1,ACCT00219,Pro,353.53,0.11395804842066787,2024-08-17,2024-11-18,churned
SUB00219_2,ACCT00219,Basic,95.76,0.03276592172901286,2024-11-29,2025-07-29,churned
SUB00220_1,ACCT00220,Basic,87.42,0.11700478399493637,2024-08-26,2024-11-25,churned
SUB00221_1,ACCT00221,Enterprise,1808.56,0.09526642882521635,2024-10-10,2025-08-16,active
SUB00221_2,ACCT00221,Enterprise,1780.92,0.10909228968577363,2025-09-26,2025-08-16,active
SUB00222_1,ACCT00222,Basic,90.25,0.08838164809967428,2024-11-25,2025-06-04,churned
SUB00222_2,ACCT00222,Basic,94.89,0.04153398345394026,2025-07-14,2025-08-16,active
SUB00223_1,ACCT00223,Basic,89.41,0.09683697223805546,2024-12-11,2025-04-07,churned
SUB00223_2,ACCT00223,Basic,90.47,0.08619311726907716,2025-05-13,2025-08-16,active
SUB00224_1,ACCT00224,Basic,94.93,0.04112320969628776,2024-10-30,2025-01-25,churned
SUB00225_1,ACCT00225,Basic,93.85,0.05200472147191232,2024-09-22,2025-02-20,churned
SUB00225_2,ACCT00225,Enterprise,1861.59,0.06873732765454607,2025-04-01,2025-06-16,churned
SUB00226_1,ACCT00226,Pro,361.65,0.09359669299459641,2024-09-27,2025-07-21,churned
SUB00226_2,ACCT00226,Basic,82.84,0.16319213508034375,2025-08-09,2025-08-16,active
SUB00227_1,ACCT00227,Basic,90.19,0.08895806274987664,2024-12-02,2025-02-20,churned
SUB00227_2,ACCT00227,Pro,382.69,0.04087856010976211,2025-03-08,2025-08-16,active
SUB00228_1,ACCT00228,Pro,365.72,0.08339795536912041,2024-10-11,2025-08-04,churned
SUB00228_2,ACCT00228,Pro,353.35,0.11440840835639698,2025-08-24,2025-08-16,active
SUB00229_1,ACCT00229,Enterprise,1652.01,0.1735832771892893,2025-05-15,2025-08-16,active
SUB00230_1,ACCT00230,Pro,358.73,0.10091598882733618,2024-08-22,2025-01-29,churned
SUB00230_2,ACCT00230,Basic,94.01,0.0503813783387489,2025-02-12,2025-08-16,active
SUB00231_1,ACCT00231,Basic,98.27,0.007408791588746869,2024-09-25,2025-01-23,churned
SUB00232_1,ACCT00232,Enterprise,1845.77,0.07665328305298663,2024-12-30,2025-06-16,churned
SUB00232_2,ACCT00232,Basic,99.0,0.0,2025-07-21,2025-08-16,active
SUB00233_1,ACCT00233,Pro,378.78,0.05068579141729314,2024-07-11,2025-01-31,churned
SUB00234_1,ACCT00234,Enterprise,1837.73,0.08067690864962512,2024-07-28,2024-11-09,churned
SUB00235_1,ACCT00235,Basic,88.88,0.10218218157302601,2024-09-28,2024-12-01,churned
SUB00235_2,ACCT00235,Pro,364.01,0.08770184682741652,2025-01-02,2025-08-16,active
SUB00236_1,ACCT00236,Pro,348.22,0.1272763775192496,2025-03-15,2025-08-16,active
SUB00237_1,ACCT00237,Pro,342.09,0.14262450996566364,2025-02-26,2025-08-16,active
SUB00238_1,ACCT00238,Enterprise,1828.3,0.0853925544012656,2024-08-09,2025-01-12,churned
SUB00238_2,ACCT00238,Basic,95.45,0.03580832117448573,2025-02-04,2025-08-16,active
SUB00239_1,ACCT00239,Basic,98.85,0.0015644412677957853,2024-10-25,2025-04-18,churned
SUB00240_1,ACCT00240,Basic,96.29,0.027365169995641273,2024-12-31,2025-03-01,churned
SUB00241_1,ACCT00241,Basic,93.14,0.059170713255066135,2024-10-22,2025-07-28,churned
SUB00242_1,ACCT00242,Pro,399.0,0.0,2024-09-08,2025-01-15,churned
SUB00243_1,ACCT00243,Pro,358.38,0.10180039605244204,2025-03-21,2025-08-16,active
SUB00243_2,ACCT00243,Basic,88.48,0.10630142253748615,2025-09-10,2025-08-16,active
SUB00244_1,ACCT00244,Basic,99.0,0.0,2024-08-24,2024-11-18,churned
SUB00244_2,ACCT00244,Pro,379.23,0.0495492999666184,2024-12-27,2025-08-16,active
SUB00245_1,ACCT00245,Basic,93.55,0.055017664996561744,2024-12-07,2025-08-16,active
SUB00245_2,ACCT00245,Basic,85.52,0.13612788565630146,2025-09-16,2025-08-16,active
SUB00246_1,ACCT00246,Basic,96.45,0.02579623092010605,2025-03-16,2025-07-10,churned
SUB00246_2,ACCT00246,Basic,85.81,0.13319493722738918,2025-08-10,2025-08-16,active
SUB00247_1,ACCT00247,Pro,364.77,0.08579950051426585,2024-10-24,2025-07-26,churned
SUB00247_2,ACCT00247,Basic,91.67,0.07403367488172494,2025-09-07,2025-08-16,active
SUB00248_1,ACCT00248,Enterprise,1898.38,0.0503351460526613,2024-12-16,2025-03-20,churned
SUB00248_2,ACCT00248,Enterprise,1869.98,0.06454241928019125,2025-03-27,2025-08-16,active
SUB00249_1,ACCT00249,Basic,91.87,0.07197603606575229,2024-07-14,2025-02-20,churned
SUB00250_1,ACCT00250,Pro,334.95,0.16052188702643608,2025-03-02,2025-08-16,active
SUB00250_2,ACCT00250,Basic,86.71,0.1241788916886965,2025-09-25,2025-08-16,active
SUB00251_1,ACCT00251,Pro,390.97,0.020120537724458792,2024-10-31,2025-02-27,churned
SUB00251_2,ACCT00251,Pro,373.15,0.06478558343259185,2025-03-28,2025-07-27,churned
SUB00252_1,ACCT00252,Basic,87.12,0.11995097366843245,2024-06-23,2024-11-18,churned
SUB00253_1,ACCT00253,Basic,86.44,0.1268808249084699,2025-03-06,2025-08-16,active
SUB00254_1,ACCT00254,Basic,89.14,0.09955619144328157,2024-12-25,2025-08-16,active
SUB00255_1,ACCT00255,Basic,95.13,0.03906668544263052,2025-05-08,2025-08-14,churned
SUB00255_2,ACCT00255,Pro,398.41,0.0014755155744001353,2025-08-20,2025-08-16,active
SUB00256_1,ACCT00256,Basic,89.98,0.0911401093540244,2025-01-29,2025-08-16,active
SUB00257_1,ACCT00257,Basic,92.67,0.06392309153223427,2025-01-30,2025-08-12,churned
SUB00257_2,ACCT00257,Basic,94.27,0.04775195843930243,2025-09-21,2025-08-16,active
SUB00258_1,ACCT00258,Pro,359.7,0.09850362780245077,2024-08-13,2025-04-13,churned
SUB00258_2,ACCT00258,Basic,90.54,0.08546553516329321,2025-05-04,2025-08-16,active
SUB00259_1,ACCT00259,Basic,91.87,0.07204680756669428,2024-12-18,2025-08-16,active
SUB00260_1,ACCT00260,Basic,93.11,0.059482066644449993,2024-08-22,2025-03-08,churned
SUB00261_1,ACCT00261,Enterprise,1795.96,0.10157070828894962,2024-11-07,2025-08-16,active
SUB00261_2,ACCT00261,Basic,97.03,0.01994437129089937,2025-09-26,2025-08-16,active
SUB00262_1,ACCT00262,Basic,80.59,0.18599118965884337,2024-11-28,2025-08-16,active
SUB00262_2,ACCT00262,Basic,87.09,0.12030148674508884,2025-08-25,2025-08-16,active
SUB00263_1,ACCT00263,Basic,89.47,0.09629126896987107,2025-04-23,2025-08-16,active
SUB00264_1,ACCT00264,Pro,361.41,0.0942053258237538,2024-09-26,2025-03-23,churned
SUB00264_2,ACCT00264,Pro,394.85,0.010391950472594863,2025-04-19,2025-08-16,active
SUB00265_1,ACCT00265,Basic,89.96,0.09130332518606482,2024-09-16,2025-06-17,churned
SUB00265_2,ACCT00265,Basic,83.46,0.1569318949993201,2025-07-02,2025-08-16,active
SUB00266_1,ACCT00266,Basic,85.89,0.13239564106784343,2024-12-23,2025-03-18,churned
SUB00267_1,ACCT00267,Enterprise,1788.1,0.10550164992319006,2024-12-24,2025-08-16,active
SUB00267_2,ACCT00267,Pro,369.65,0.07355855657963888,2025-09-29,2025-08-16,active
SUB00268_1,ACCT00268,Pro,399.0,0.0,2024-09-26,2025-07-08,churned
SUB00269_1,ACCT00269,Basic,88.37,0.10740268931192229,2024-10-31,2025-01-15,churned
SUB00269_2,ACCT00269,Enterprise,1524.42,0.23740693268754276,2025-02-17,2025-07-23,churned
SUB00270_1,ACCT00270,Pro,379.91,0.047851786328409265,2025-01-03,2025-03-17,churned
SUB00270_2,ACCT00270,Basic,96.48,0.025412397203495536,2025-04-04,2025-07-25,churned
SUB00271_1,ACCT00271,Pro,395.39,0.009045144951878747,2025-03-26,2025-08-16,active
SUB00272_1,ACCT00272,Basic,86.0,0.13129701641574268,2025-04-30,2025-08-16,active
SUB00273_1,ACCT00273,Basic,98.21,0.00797397267207206,2024-10-06,2025-05-12,churned
SUB00274_1,ACCT00274,Basic,96.84,0.02184002829482918,2024-10-03,2025-03-21,churned
SUB00275_1,ACCT00275,Basic,87.37,0.11743787795022659,2025-03-02,2025-08-05,churned
SUB00276_1,ACCT00276,Basic,96.22,0.028068299455262777,2025-02-03,2025-08-16,active
SUB00277_1,ACCT00277,Pro,357.84,0.10316978799752151,2024-11-22,2025-08-16,active
SUB00278_1,ACCT00278,Pro,327.38,0.17949099914874672,2024-12-08,2025-08-16,active
SUB00278_2,ACCT00278,Basic,97.02,0.020021215417903818,2025-09-19,2025-08-16,active
SUB00279_1,ACCT00279,Pro,392.5,0.016286852330458776,2025-01-08,2025-04-12,churned
SUB00279_2,ACCT00279,Basic,90.43,0.08656113450324758,2025-05-10,2025-08-16,active
SUB00280_1,ACCT00280,Enterprise,1677.3,0.16092813088916202,2025-02-12,2025-08-16,active
SUB00280_2,ACCT00280,Basic,96.15,0.028792304860500134,2025-08-23,2025-08-16,active
SUB00281_1,ACCT00281,Basic,92.77,0.0629463357368343,2024-08-22,2025-01-06,churned
SUB00282_1,ACCT00282,Basic,92.72,0.06346625498023255,2025-01-03,2025-04-18,churned
SUB00282_2,ACCT00282,Enterprise,1792.91,0.10309458461619167,2025-05-29,2025-08-16,active
SUB00283_1,ACCT00283,Pro,390.43,0.021472873925555407,2025-03-30,2025-08-16,active
SUB00284_1,ACCT00284,Basic,88.35,0.10758823636724095,2024-11-30,2025-05-18,churned
SUB00284_2,ACCT00284,Basic,96.07,0.02962376541958721,2025-06-02,2025-08-16,active
SUB00285_1,ACCT00285,Basic,94.31,0.047368652372932835,2024-11-17,2025-06-06,churned
SUB00286_1,ACCT00286,Basic,91.58,0.07498414677759731,2024-07-08,2024-09-06,churned
SUB00286_2,ACCT00286,Pro,357.14,0.1049142534382401,2024-09-26,2025-05-29,churned
SUB00287_1,ACCT00287,Pro,329.53,0.17412067924928692,2024-12-22,2025-04-15,churned
SUB00288_1,ACCT00288,Basic,83.66,0.1549080800555048,2025-04-17,2025-08-04,churned
SUB00289_1,ACCT00289,Basic,92.34,0.06731055466454225,2024-06-23,2025-02-25,churned
SUB00290_1,ACCT00290,Basic,91.96,0.0711551659644005,2024-12-24,2025-04-05,churned
SUB00290_2,ACCT00290,Pro,387.89,0.027842803542258036,2025-05-08,2025-08-16,active
SUB00291_1,ACCT00291,Enterprise,1946.25,0.026390012015443318,2024-10-07,2025-02-16,churned
SUB00291_2,ACCT00291,Enterprise,1662.91,0.16812877177694657,2025-04-01,2025-07-08,churned
SUB00292_1,ACCT00292,Basic,98.95,0.0005117038936591628,2024-09-03,2025-07-20,churned
SUB00293_1,ACCT00293,Basic,94.66,0.043870122767309574,2025-03-12,2025-08-16,active
SUB00293_2,ACCT00293,Basic,86.2,0.12933919764732302,2025-09-06,2025-08-16,active
SUB00294_1,ACCT00294,Pro,380.17,0.04719829355755886,2025-01-13,2025-08-16,active
SUB00294_2,ACCT00294,Basic,83.35,0.15811743470723943,2025-08-23,2025-08-16,active
SUB00295_1,ACCT00295,Pro,387.28,0.02937737757706798,2025-02-26,2025-06-20,churned
SUB00295_2,ACCT00295,Pro,370.0,0.07267494063451692,2025-07-05,2025-08-16,active
SUB00296_1,ACCT00296,Basic,91.31,0.0776539829118122,2025-02-17,2025-08-16,active
SUB00296_2,ACCT00296,Basic,87.04,0.12083934700457312,2025-08-23,2025-08-16,active
SUB00297_1,ACCT00297,Basic,99.0,0.0,2024-08-24,2025-05-03,churned
SUB00297_2,ACCT00297,Basic,86.7,0.12419628446527245,2025-06-04,2025-08-16,active
SUB00298_1,ACCT00298,Basic,96.9,0.021168072541013834,2024-08-31,2025-06-05,churned
SUB00299_1,ACCT00299,Pro,379.63,0.04854346946897672,2024-07-27,2024-12-15,churned
SUB00300_1,ACCT00300,Basic,99.0,0.0,2024-12-28,2025-03-25,churned
SUB00301_1,ACCT00301,Basic,90.06,0.09032244025867403,2025-01-05,2025-08-16,active
SUB00301_2,ACCT00301,Pro,374.49,0.06143245362794833,2025-08-24,2025-08-16,active
SUB00302_1,ACCT00302,Basic,92.24,0.06829153417837211,2024-09-26,2025-06-03,churned
SUB00303_1,ACCT00303,Basic,95.2,0.0383979017345462,2025-05-02,2025-08-16,active
SUB00304_1,ACCT00304,Pro,337.61,0.15386428369812868,2025-03-12,2025-08-04,churned
SUB00305_1,ACCT00305,Pro,388.43,0.026501083675452522,2024-07-25,2024-11-16,churned
SUB00305_2,ACCT00305,Pro,342.73,0.14101835119078193,2024-12-14,2025-08-16,active
SUB00306_1,ACCT00306,Basic,95.93,0.03105142660912104,2025-03-01,2025-08-16,active
SUB00306_2,ACCT00306,Pro,354.87,0.11060532396001525,2025-09-20,2025-08-16,active
SUB00307_1,ACCT00307,Enterprise,1898.9,0.050075549507694425,2025-05-05,2025-08-16,active
SUB00307_2,ACCT00307,Basic,93.37,0.05684078980323817,2025-09-12,2025-08-16,active
SUB00308_1,ACCT00308,Pro,359.07,0.10006955894625735,2025-05-13,2025-08-16,active
SUB00308_2,ACCT00308,Pro,352.17,0.11737357924763714,2025-09-06,2025-08-16,active
SUB00309_1,ACCT00309,Basic,99.0,0.0,2024-10-07,2025-08-16,active
SUB00310_1,ACCT00310,Pro,315.25,0.2099071060678664,2024-10-04,2025-02-20,churned
SUB00311_1,ACCT00311,Basic,86.54,0.12581761829581165,2024-06-24,2025-05-29,churned
SUB00312_1,ACCT00312,Enterprise,1803.38,0.0978589101316226,2025-01-18,2025-08-16,active
SUB00312_2,ACCT00312,Pro,389.42,0.024006754393942127,2025-08-23,2025-08-16,active
SUB00313_1,ACCT00313,Enterprise,1875.49,0.06178657218197814,2025-05-03,2025-08-16,active
SUB00314_1,ACCT00314,Basic,89.39,0.09703870453111,2024-12-12,2025-08-16,active
SUB00314_2,ACCT00314,Enterprise,1916.57,0.04123324142504531,2025-08-24,2025-08-16,active
SUB00315_1,ACCT00315,Basic,86.31,0.12822558099672254,2024-10-15,2025-06-27,churned
SUB00315_2,ACCT00315,Basic,91.3,0.07781202720369217,2025-08-07,2025-08-16,active
SUB00316_1,ACCT00316,Basic,96.78,0.022376735617659432,2024-11-07,2025-04-04,churned
SUB00317_1,ACCT00317,Pro,341.33,0.14452637590668485,2024-09-22,2025-05-30,churned
SUB00318_1,ACCT00318,Pro,367.63,0.07861311447579468,2025-05-15,2025-08-16,active
SUB00319_1,ACCT00319,Basic,94.48,0.0456184732908533,2024-07-06,2024-10-11,churned
SUB00320_1,ACCT00320,Enterprise,1720.51,0.13931680810679883,2024-07-26,2025-02-02,churned
SUB00321_1,ACCT00321,Pro,399.0,0.0,2025-01-05,2025-08-16,active
SUB00321_2,ACCT00321,Pro,378.43,0.05156536402892177,2025-09-13,2025-08-16,active
SUB00322_1,ACCT00322,Basic,91.0,0.08077082751820702,2025-02-28,2025-05-26,churned
SUB00322_2,ACCT00322,Pro,396.53,0.006183345005949914,2025-07-08,2025-08-16,active
SUB00323_1,ACCT00323,Enterprise,1634.87,0.18215718429282007,2025-02-07,2025-07-04,churned
SUB00324_1,ACCT00324,Basic,92.03,0.07036209617308663,2024-12-28,2025-08-16,active
SUB00324_2,ACCT00324,Basic,97.52,0.014941981923290895,2025-09-07,2025-08-16,active
SUB00325_1,ACCT00325,Basic,88.77,0.1033089390373387,2025-02-16,2025-08-16,active
SUB00325_2,ACCT00325,Basic,82.05,0.17122952645724748,2025-08-24,2025-08-16,active
SUB00326_1,ACCT00326,Basic,92.87,0.06189381983629576,2025-04-13,2025-06-21,churned
SUB00326_2,ACCT00326,Pro,399.0,0.0,2025-07-09,2025-08-16,active
SUB00327_1,ACCT00327,Pro,361.4,0.09423390768979781,2025-01-11,2025-04-16,churned
SUB00328_1,ACCT00328,Pro,383.6,0.03860426748228578,2024-06-26,2025-06-19,churned
SUB00329_1,ACCT00329,Basic,92.4,0.06668217717201921,2024-12-28,2025-08-04,churned
SUB00330_1,ACCT00330,Pro,388.12,0.02727225779767844,2024-07-10,2025-02-03,churned
SUB00330_2,ACCT00330,Basic,88.13,0.10983140804074355,2025-03-19,2025-06-15,churned
SUB00331_1,ACCT00331,Basic,94.97,0.040733390574707554,2025-01-25,2025-08-06,churned
SUB00332_1,ACCT00332,Basic,87.55,0.11570457140322277,2024-07-02,2024-10-05,churned
SUB00333_1,ACCT00333,Basic,90.68,0.08407447866993235,2025-02-24,2025-08-16,active
SUB00334_1,ACCT00334,Pro,351.6,0.11878602233082676,2025-04-13,2025-08-16,active
SUB00334_2,ACCT00334,Basic,91.57,0.07509486239922841,2025-09-09,2025-08-16,active
SUB00335_1,ACCT00335,Enterprise,1999.0,0.0,2024-12-29,2025-06-10,churned
SUB00335_2,ACCT00335,Basic,90.96,0.08117922802830331,2025-07-14,2025-08-16,active
SUB00336_1,ACCT00336,Basic,96.96,0.020597552544049866,2024-08-18,2025-01-06,churned
SUB00337_1,ACCT00337,Basic,90.29,0.08795933482147562,2024-07-22,2025-01-03,churned
SUB00338_1,ACCT00338,Basic,94.4,0.04648288097964081,2024-07-15,2025-04-13,churned
SUB00338_2,ACCT00338,Enterprise,1853.27,0.0728995047460308,2025-04-21,2025-07-31,churned
SUB00339_1,ACCT00339,Basic,97.93,0.010814961854322527,2024-09-28,2025-08-12,churned
SUB00340_1,ACCT00340,Basic,91.16,0.07914915116950208,2024-11-21,2025-01-28,churned
SUB00341_1,ACCT00341,Basic,90.88,0.08204731435860707,2025-02-20,2025-08-16,active
SUB00341_2,ACCT00341,Basic,90.75,0.08329785533413521,2025-09-04,2025-08-16,active
SUB00342_1,ACCT00342,Basic,80.39,0.1879457956169147,2025-04-30,2025-08-16,active
SUB00342_2,ACCT00342,Enterprise,1785.53,0.10678816551481131,2025-09-01,2025-08-16,active
SUB00343_1,ACCT00343,Basic,85.24,0.138982761168855,2024-07-20,2025-06-13,churned
SUB00344_1,ACCT00344,Basic,84.39,0.14759566610394895,2024-12-02,2025-06-29,churned
SUB00344_2,ACCT00344,Pro,379.76,0.0482185601370352,2025-08-02,2025-08-16,active
SUB00345_1,ACCT00345,Basic,95.81,0.03220402091404982,2025-01-04,2025-08-16,active
SUB00346_1,ACCT00346,Basic,91.03,0.08046154741468593,2024-12-25,2025-04-18,churned
SUB00347_1,ACCT00347,Pro,347.1,0.13008260445501904,2024-07-31,2025-03-03,churned
SUB00348_1,ACCT00348,Basic,91.85,0.0722434193675665,2024-10-09,2025-04-25,churned
SUB00349_1,ACCT00349,Basic,81.56,0.17612266024775142,2025-03-12,2025-08-16,active
SUB00350_1,ACCT00350,Enterprise,1766.71,0.11620284392527266,2025-01-18,2025-08-16,active
SUB00351_1,ACCT00351,Basic,87.7,0.1141214705077391,2024-07-30,2024-11-13,churned
SUB00352_1,ACCT00352,Enterprise,1769.65,0.11473143696507941,2025-02-02,2025-08-04,churned
SUB00353_1,ACCT00353,Basic,91.19,0.07890941655470461,2025-03-05,2025-08-16,active
SUB00353_2,ACCT00353,Basic,84.4,0.1474875616992747,2025-09-23,2025-08-16,active
SUB00354_1,ACCT00354,Basic,90.92,0.08157785489701326,2025-04-03,2025-08-16,active
SUB00354_2,ACCT00354,Basic,94.54,0.04504875365728705,2025-09-15,2025-08-16,active
SUB00355_1,ACCT00355,Basic,97.53,0.014896918205513032,2025-02-18,2025-08-16,active
SUB00355_2,ACCT00355,Basic,94.67,0.04371531651533597,2025-09-04,2025-08-16,active
SUB00356_1,ACCT00356,Pro,366.05,0.08258553469487773,2024-08-29,2024-12-28,churned
SUB00357_1,ACCT00357,Pro,359.65,0.09863176551488673,2025-02-08,2025-08-16,active
SUB00358_1,ACCT00358,Pro,349.46,0.12414851092270467,2024-08-07,2025-03-04,churned
SUB00358_2,ACCT00358,Basic,95.78,0.03255651890505846,2025-03-19,2025-08-16,active
SUB00359_1,ACCT00359,Enterprise,1738.78,0.13017425614309583,2024-08-27,2025-07-24,churned
SUB00360_1,ACCT00360,Pro,375.41,0.05913214013541651,2024-12-26,2025-04-14,churned
SUB00361_1,ACCT00361,Enterprise,1833.02,0.08303024074074991,2025-05-04,2025-08-16,active
SUB00362_1,ACCT00362,Pro,387.05,0.02995228256434334,2024-09-07,2025-05-01,churned
SUB00363_1,ACCT00363,Pro,365.96,0.08280492144870243,2024-12-31,2025-03-18,churned
SUB00364_1,ACCT00364,Pro,379.22,0.04957265266484705,2025-03-10,2025-08-16,active
SUB00365_1,ACCT00365,Basic,88.73,0.10371442575521628,2025-04-05,2025-08-16,active
SUB00365_2,ACCT00365,Pro,327.73,0.1786277108301293,2025-08-30,2025-08-16,active
SUB00366_1,ACCT00366,Pro,381.21,0.044586197354332426,2024-10-17,2025-08-16,active
SUB00366_2,ACCT00366,Basic,82.86,0.16306859283446518,2025-09-16,2025-08-16,active
SUB00367_1,ACCT00367,Pro,395.29,0.009288364275281041,2025-03-20,2025-08-16,active
SUB00368_1,ACCT00368,Enterprise,1842.12,0.07847785563943001,2025-02-11,2025-08-15,active
SUB00368_2,ACCT00368,Basic,86.94,0.12177679778240513,2025-09-22,2025-08-16,active
SUB00369_1,ACCT00369,Basic,86.51,0.12613344084569103,2024-10-19,2025-08-16,active
SUB00369_2,ACCT00369,Basic,78.11,0.21105436116230336,2025-09-03,2025-08-16,active
SUB00370_1,ACCT00370,Basic,98.25,0.007571788777839983,2024-07-28,2025-03-23,churned
SUB00370_2,ACCT00370,Basic,89.6,0.09498138003207908,2025-05-01,2025-08-16,active
SUB00371_1,ACCT00371,Pro,346.04,0.13272792554711083,2024-12-16,2025-08-16,active
SUB00372_1,ACCT00372,Basic,91.19,0.07892310748418357,2024-07-24,2024-10-18,churned
SUB00372_2,ACCT00372,Basic,89.36,0.0973514890139999,2024-11-11,2025-02-02,churned
SUB00373_1,ACCT00373,Enterprise,1806.14,0.09647775403433761,2024-12-15,2025-04-20,churned
SUB00374_1,ACCT00374,Pro,384.12,0.03728257234034463,2025-02-13,2025-04-14,churned
SUB00374_2,ACCT00374,Pro,364.88,0.08552289045248403,2025-05-05,2025-08-16,active
SUB00375_1,ACCT00375,Basic,98.52,0.004893023254365345,2024-09-18,2024-11-18,churned
SUB00375_2,ACCT00375,Basic,95.79,0.03240261560947009,2024-12-14,2025-08-16,active
SUB00376_1,ACCT00376,Pro,388.59,0.02609132838663481,2025-02-06,2025-06-06,churned
SUB00376_2,ACCT00376,Basic,86.2,0.12926924432953876,2025-06-16,2025-08-16,active
SUB00377_1,ACCT00377,Basic,94.32,0.04726582723188164,2025-02-02,2025-08-16,active
SUB00377_2,ACCT00377,Pro,399.0,0.0,2025-09-07,2025-08-16,active
SUB00378_1,ACCT00378,Enterprise,1792.96,0.10306963131930356,2025-03-19,2025-08-16,active
SUB00379_1,ACCT00379,Basic,85.35,0.13790293262945624,2025-04-18,2025-08-16,active
SUB00380_1,ACCT00380,Basic,92.68,0.06379573548569033,2024-09-20,2025-04-18,churned
SUB00380_2,ACCT00380,Basic,93.31,0.057437148197932386,2025-05-07,2025-08-16,active
SUB00381_1,ACCT00381,Basic,98.26,0.007472224073528808,2024-09-16,2025-03-25,churned
SUB00382_1,ACCT00382,Pro,375.26,0.059507393451531325,2025-04-04,2025-08-16,active
SUB00383_1,ACCT00383,Basic,84.91,0.14230561563677388,2024-10-18,2025-01-21,churned
SUB00384_1,ACCT00384,Basic,94.05,0.05001445048755615,2024-08-21,2024-11-15,churned
SUB00384_2,ACCT00384,Pro,336.08,0.1577037789061111,2024-12-04,2025-03-09,churned
SUB00385_1,ACCT00385,Enterprise,1706.84,0.1461520709135524,2024-08-30,2025-07-02,churned
SUB00386_1,ACCT00386,Basic,98.06,0.009525059423052373,2024-07-09,2025-05-20,churned
SUB00386_2,ACCT00386,Pro,387.53,0.028759317998195415,2025-06-01,2025-08-16,active
SUB00387_1,ACCT00387,Pro,387.71,0.02829024574178863,2025-01-29,2025-08-16,active
SUB00387_2,ACCT00387,Enterprise,1693.75,0.15270372309121244,2025-09-26,2025-08-16,active
SUB00388_1,ACCT00388,Basic,99.0,0.0,2025-03-19,2025-07-22,churned
SUB00388_2,ACCT00388,Pro,359.69,0.09851274017340375,2025-09-01,2025-08-16,active
SUB00389_1,ACCT00389,Pro,335.83,0.1583238376094498,2024-09-20,2025-08-08,churned
SUB00389_2,ACCT00389,Basic,92.21,0.0685828857056444,2025-09-16,2025-08-16,active
SUB00390_1,ACCT00390,Pro,332.52,0.16661120724495265,2024-08-30,2025-07-07,churned
SUB00391_1,ACCT00391,Basic,91.5,0.07580339462137486,2024-12-04,2025-08-16,active
SUB00391_2,ACCT00391,Basic,86.11,0.13020964082099448,2025-08-22,2025-08-16,active
SUB00392_1,ACCT00392,Basic,90.55,0.08537477903609376,2024-07-30,2025-07-07,churned
SUB00392_2,ACCT00392,Basic,91.12,0.07956606014865909,2025-08-01,2025-08-16,active
SUB00393_1,ACCT00393,Enterprise,1922.04,0.03850163819629152,2024-12-03,2025-02-15,churned
SUB00394_1,ACCT00394,Pro,388.25,0.02693060548540617,2025-02-18,2025-08-16,active
SUB00394_2,ACCT00394,Enterprise,1999.0,0.0,2025-08-26,2025-08-16,active
SUB00395_1,ACCT00395,Pro,345.8,0.1333387595812281,2025-05-18,2025-08-16,active
SUB00395_2,ACCT00395,Basic,80.22,0.1897287181212937,2025-09-25,2025-08-16,active
SUB00396_1,ACCT00396,Basic,96.37,0.026517725947844836,2025-02-21,2025-05-27,churned
SUB00397_1,ACCT00397,Pro,384.89,0.035360140971887125,2024-11-23,2025-07-10,churned
SUB00397_2,ACCT00397,Enterprise,1830.98,0.08405226772049768,2025-07-15,2025-08-16,active
SUB00398_1,ACCT00398,Basic,88.87,0.10228156032729932,2024-09-07,2025-08-16,active
SUB00399_1,ACCT00399,Pro,360.88,0.09552930907871361,2024-09-30,2025-03-21,churned
SUB00399_2,ACCT00399,Pro,362.68,0.09101607986784357,2025-04-19,2025-08-16,active
SUB00400_1,ACCT00400,Enterprise,1685.72,0.1567163199894117,2025-02-21,2025-05-05,churned
SUB00400_2,ACCT00400,Basic,89.1,0.10001792559494582,2025-06-07,2025-08-16,active
SUB00401_1,ACCT00401,Basic,90.7,0.08386667539532972,2024-07-11,2025-03-20,churned
SUB00401_2,ACCT00401,Basic,96.03,0.029981472739752053,2025-03-25,2025-08-16,active
SUB00402_1,ACCT00402,Enterprise,1826.12,0.08648175691591675,2024-08-25,2025-02-07,churned
SUB00403_1,ACCT00403,Basic,95.65,0.033882363411096975,2025-01-14,2025-08-16,active
SUB00404_1,ACCT00404,Pro,365.65,0.08358747652627677,2024-07-27,2025-06-14,churned
SUB00404_2,ACCT00404,Enterprise,1806.79,0.09615408708896493,2025-06-21,2025-08-16,active
SUB00405_1,ACCT00405,Pro,387.11,0.029810910806804418,2025-01-22,2025-05-23,churned
SUB00406_1,ACCT00406,Pro,392.8,0.015550073860553681,2025-02-25,2025-08-16,active
SUB00407_1,ACCT00407,Pro,373.81,0.0631356002491201,2024-11-02,2025-08-16,active
SUB00408_1,ACCT00408,Pro,374.3,0.06190376166235616,2025-03-30,2025-08-16,active
SUB00408_2,ACCT00408,Pro,360.23,0.09717841542166761,2025-08-26,2025-08-16,active
SUB00409_1,ACCT00409,Basic,94.14,0.04907926697823787,2024-11-25,2025-08-16,active
SUB00410_1,ACCT00410,Basic,95.6,0.03434290763737004,2025-04-19,2025-08-16,active
SUB00410_2,ACCT00410,Basic,81.4,0.17780945262423692,2025-09-06,2025-08-16,active
SUB00411_1,ACCT00411,Enterprise,1951.07,0.02397532088441861,2025-01-03,2025-08-02,churned
SUB00412_1,ACCT00412,Pro,385.44,0.033974331360775,2025-01-03,2025-05-29,churned
SUB00412_2,ACCT00412,Enterprise,1686.78,0.1561871629333585,2025-06-10,2025-08-16,active
SUB00413_1,ACCT00413,Basic,92.06,0.07007348054895246,2025-03-01,2025-07-27,churned
SUB00414_1,ACCT00414,Enterprise,1884.25,0.0574043656455125,2025-04-06,2025-08-16,active
SUB00414_2,ACCT00414,Basic,99.0,0.0,2025-09-03,2025-08-16,active
SUB00415_1,ACCT00415,Basic,97.81,0.011976329818120732,2024-08-07,2025-01-28,churned
SUB00416_1,ACCT00416,Pro,376.65,0.056021855843188195,2025-02-20,2025-07-07,churned
SUB00417_1,ACCT00417,Pro,383.29,0.03936300662770899,2025-05-10,2025-08-16,active
SUB00417_2,ACCT00417,Basic,84.62,0.14528704531770603,2025-08-31,2025-08-16,active
SUB00418_1,ACCT00418,Basic,91.62,0.07451498599276538,2025-01-30,2025-08-16,active
SUB00419_1,ACCT00419,Basic,88.57,0.10532566062165051,2024-11-23,2025-03-12,churned
SUB00419_2,ACCT00419,Basic,91.28,0.0779499295421818,2025-03-30,2025-08-16,active
SUB00420_1,ACCT00420,Basic,91.55,0.07527155170318968,2025-02-01,2025-08-16,active
SUB00421_1,ACCT00421,Basic,87.26,0.11854211327310117,2025-01-22,2025-05-08,churned
SUB00422_1,ACCT00422,Pro,377.74,0.05329213422158617,2025-03-07,2025-08-16,active
SUB00422_2,ACCT00422,Basic,95.05,0.03987567822151401,2025-08-31,2025-08-16,active
SUB00423_1,ACCT00423,Basic,99.0,0.0,2025-03-04,2025-07-11,churned
SUB00424_1,ACCT00424,Pro,359.97,0.09782711155946594,2024-08-01,2025-04-06,churned
SUB00425_1,ACCT00425,Enterprise,1778.2,0.11045308453173862,2024-10-13,2025-05-16,churned
SUB00426_1,ACCT00426,Basic,90.81,0.08276670233754368,2024-09-29,2024-12-07,churned
SUB00427_1,ACCT00427,Enterprise,1875.83,0.06161331434751581,2024-07-15,2025-03-12,churned
SUB00427_2,ACCT00427,Basic,95.56,0.03475542017327542,2025-03-23,2025-08-16,active
SUB00428_1,ACCT00428,Basic,89.65,0.09442468346055904,2025-03-15,2025-08-16,active
SUB00429_1,ACCT00429,Basic,95.86,0.031675809361391624,2025-04-28,2025-08-16,active
SUB00429_2,ACCT00429,Pro,373.33,0.06433693547808941,2025-09-11,2025-08-16,active
SUB00430_1,ACCT00430,Basic,91.81,0.0726672936528999,2025-01-10,2025-08-16,active
SUB00430_2,ACCT00430,Enterprise,1798.45,0.10032368381049214,2025-09-23,2025-08-16,active
SUB00431_1,ACCT00431,Enterprise,1732.16,0.13348447005199596,2024-12-17,2025-08-11,churned
SUB00431_2,ACCT00431,Basic,99.0,0.0,2025-09-09,2025-08-16,active
SUB00432_1,ACCT00432,Pro,384.6,0.03608248472115634,2024-11-15,2025-02-02,churned
SUB00433_1,ACCT00433,Basic,95.31,0.03728732945015659,2025-01-11,2025-03-24,churned
SUB00433_2,ACCT00433,Basic,89.95,0.09140078892950203,2025-04-20,2025-07-21,churned
SUB00434_1,ACCT00434,Pro,363.8,0.08821774554947442,2024-08-11,2025-03-10,churned
SUB00434_2,ACCT00434,Enterprise,1908.19,0.045427740180605726,2025-04-10,2025-08-16,active
SUB00435_1,ACCT00435,Pro,386.46,0.03142381901063509,2024-07-31,2024-10-15,churned
SUB00435_2,ACCT00435,Pro,387.14,0.029729108192259462,2024-10-27,2025-07-01,churned
SUB00436_1,ACCT00436,Basic,90.13,0.08954758891304654,2025-03-29,2025-08-16,active
SUB00437_1,ACCT00437,Pro,373.27,0.06449673195709049,2025-04-23,2025-08-15,active
SUB00438_1,ACCT00438,Basic,89.46,0.09637751362507616,2025-01-19,2025-04-20,churned
SUB00439_1,ACCT00439,Basic,96.75,0.022773431647116274,2024-12-31,2025-05-14,churned
SUB00439_2,ACCT00439,Basic,87.76,0.11356510452833982,2025-05-24,2025-08-16,active
SUB00440_1,ACCT00440,Enterprise,1916.03,0.041503304065462515,2024-10-10,2024-12-22,churned
SUB00441_1,ACCT00441,Basic,99.0,0.0,2024-07-06,2024-12-24,churned
SUB00442_1,ACCT00442,Basic,96.7,0.02326076890969543,2024-10-26,2025-08-16,active
SUB00442_2,ACCT00442,Basic,91.87,0.07197747911203076,2025-09-15,2025-08-16,active
SUB00443_1,ACCT00443,Basic,75.49,0.23751439307856198,2025-01-12,2025-06-07,churned
SUB00444_1,ACCT00444,Pro,359.49,0.09902872492190087,2025-01-03,2025-08-16,active
SUB00445_1,ACCT00445,Enterprise,1982.17,0.008419091502343101,2025-01-26,2025-08-16,active
SUB00446_1,ACCT00446,Basic,98.42,0.0058544775930621795,2024-12-30,2025-04-11,churned
SUB00446_2,ACCT00446,Enterprise,1842.72,0.07817680784732105,2025-05-12,2025-08-16,active
SUB00447_1,ACCT00447,Pro,389.42,0.02401160741484854,2024-12-03,2025-05-24,churned
SUB00448_1,ACCT00448,Basic,99.0,0.0,2024-06-25,2024-09-30,churned
SUB00449_1,ACCT00449,Basic,86.89,0.12233704182018187,2025-01-25,2025-05-09,churned
SUB00450_1,ACCT00450,Pro,328.39,0.17697413036225154,2024-11-29,2025-06-09,churned
SUB00451_1,ACCT00451,Basic,96.53,0.0249460564620576,2024-07-09,2025-02-16,churned
SUB00451_2,ACCT00451,Pro,372.23,0.06710389743691306,2025-03-06,2025-08-16,active
SUB00452_1,ACCT00452,Basic,90.99,0.08091619813412017,2025-04-25,2025-07-03,churned
SUB00453_1,ACCT00453,Basic,94.57,0.04475591852754912,2025-03-15,2025-08-16,active
SUB00453_2,ACCT00453,Basic,86.57,0.12559428091324026,2025-09-02,2025-08-16,active
SUB00454_1,ACCT00454,Enterprise,1755.63,0.12174421028830532,2025-05-05,2025-08-16,active
SUB00455_1,ACCT00455,Basic,97.97,0.01044314931993047,2025-05-16,2025-08-16,active
SUB00456_1,ACCT00456,Pro,379.51,0.04885388702474533,2025-01-03,2025-03-18,churned
SUB00456_2,ACCT00456,Basic,95.45,0.03587153527974991,2025-03-26,2025-08-15,active
SUB00457_1,ACCT00457,Basic,86.21,0.12921688035407936,2024-09-12,2025-06-07,churned
SUB00458_1,ACCT00458,Pro,372.69,0.06592974046482725,2025-01-18,2025-08-16,active
SUB00459_1,ACCT00459,Basic,88.6,0.1050983555852618,2025-01-01,2025-07-05,churned
SUB00459_2,ACCT00459,Enterprise,1666.81,0.166179886501455,2025-07-18,2025-08-16,active
SUB00460_1,ACCT00460,Enterprise,1868.55,0.06525635272290334,2024-09-05,2025-04-23,churned
SUB00461_1,ACCT00461,Pro,363.51,0.08894340329797952,2025-05-14,2025-08-16,active
SUB00461_2,ACCT00461,Basic,87.32,0.11793704954177149,2025-08-31,2025-08-16,active
SUB00462_1,ACCT00462,Enterprise,1899.32,0.04986540463691903,2024-09-25,2025-05-01,churned
SUB00463_1,ACCT00463,Basic,96.9,0.021220786143293695,2024-10-29,2025-08-16,active
SUB00464_1,ACCT00464,Enterprise,1800.87,0.09911385184303184,2024-10-01,2025-02-18,churned
SUB00464_2,ACCT00464,Basic,90.61,0.0847576174425028,2025-03-27,2025-08-16,active
SUB00465_1,ACCT00465,Enterprise,1724.73,0.13720149602036358,2025-03-22,2025-08-16,active
SUB00466_1,ACCT00466,Enterprise,1751.02,0.12405236618403323,2024-10-01,2025-01-16,churned
SUB00467_1,ACCT00467,Basic,95.62,0.03410824375316734,2025-04-29,2025-08-16,active
SUB00468_1,ACCT00468,Basic,84.19,0.14960510362737278,2024-12-30,2025-04-17,churned
SUB00468_2,ACCT00468,Basic,90.08,0.09013918789786857,2025-05-15,2025-08-16,active
SUB00469_1,ACCT00469,Pro,387.97,0.027631754901866916,2024-08-02,2025-02-26,churned
SUB00469_2,ACCT00469,Basic,88.54,0.10561300459042873,2025-03-17,2025-07-11,churned
SUB00470_1,ACCT00470,Basic,86.9,0.12217410894517147,2025-01-19,2025-07-11,churned
SUB00470_2,ACCT00470,Enterprise,1877.47,0.06079576958839464,2025-07-20,2025-08-16,active
SUB00471_1,ACCT00471,Basic,93.45,0.056078450188963666,2025-01-30,2025-08-16,active
SUB00471_2,ACCT00471,Basic,88.94,0.1016129249779919,2025-09-09,2025-08-16,active
SUB00472_1,ACCT00472,Pro,387.1,0.02983015643466065,2024-12-28,2025-08-16,active
SUB00472_2,ACCT00472,Basic,94.45,0.045929252796062255,2025-09-10,2025-08-16,active
SUB00473_1,ACCT00473,Pro,347.35,0.12944536535643145,2025-01-26,2025-08-16,active
SUB00474_1,ACCT00474,Pro,376.69,0.05592441161555299,2025-01-25,2025-08-16,active
SUB00475_1,ACCT00475,Pro,388.31,0.026801715456015736,2025-01-19,2025-08-16,active
SUB00475_2,ACCT00475,Pro,385.61,0.03356921802905628,2025-08-30,2025-08-16,active
SUB00476_1,ACCT00476,Pro,332.69,0.16619379423695058,2025-04-01,2025-07-02,churned
SUB00476_2,ACCT00476,Pro,390.71,0.02077635420157041,2025-07-21,2025-08-16,active
SUB00477_1,ACCT00477,Pro,389.51,0.02379461317740704,2025-04-24,2025-08-16,active
SUB00478_1,ACCT00478,Basic,93.58,0.054702511078615915,2024-10-19,2025-06-04,churned
SUB00479_1,ACCT00479,Basic,94.25,0.047994309266597535,2024-10-13,2025-07-16,churned
SUB00480_1,ACCT00480,Basic,92.32,0.06749572151962216,2025-04-24,2025-08-16,active
SUB00480_2,ACCT00480,Basic,93.3,0.057620639817074604,2025-08-27,2025-08-16,active
SUB00481_1,ACCT00481,Basic,95.27,0.0376386709929135,2024-08-19,2025-03-23,churned
SUB00481_2,ACCT00481,Enterprise,1776.85,0.11113283785895582,2025-04-25,2025-08-16,active
SUB00482_1,ACCT00482,Basic,85.12,0.14018034876924512,2024-12-18,2025-08-16,active
SUB00482_2,ACCT00482,Pro,370.4,0.07168077074529083,2025-08-23,2025-08-16,active
SUB00483_1,ACCT00483,Pro,339.26,0.14972093611315634,2025-04-17,2025-08-16,active
SUB00484_1,ACCT00484,Basic,90.62,0.0846558804385414,2024-11-04,2025-01-06,churned
SUB00484_2,ACCT00484,Basic,87.89,0.11223370617393258,2025-01-21,2025-06-02,churned
SUB00485_1,ACCT00485,Basic,93.7,0.05355231291542849,2025-03-14,2025-08-16,active
SUB00485_2,ACCT00485,Basic,86.52,0.1260279303940361,2025-09-11,2025-08-16,active
SUB00486_1,ACCT00486,Pro,356.33,0.10693279109276961,2024-10-25,2025-01-16,churned
SUB00486_2,ACCT00486,Enterprise,1918.11,0.04046560173237677,2025-02-10,2025-08-16,active
SUB00487_1,ACCT00487,Basic,86.0,0.1312699489042889,2024-07-29,2025-02-12,churned
SUB00487_2,ACCT00487,Enterprise,1783.7,0.1077034896898802,2025-03-20,2025-08-16,active
SUB00488_1,ACCT00488,Pro,362.99,0.09025615067400529,2025-05-15,2025-08-16,active
SUB00488_2,ACCT00488,Pro,366.25,0.08208787207031369,2025-09-12,2025-08-16,active
SUB00489_1,ACCT00489,Pro,325.21,0.1849449289224479,2025-02-24,2025-07-14,churned
SUB00490_1,ACCT00490,Basic,94.05,0.050001543631927464,2025-01-05,2025-08-16,active
SUB00490_2,ACCT00490,Basic,94.97,0.0407428533842364,2025-08-31,2025-08-16,active
SUB00491_1,ACCT00491,Enterprise,1940.24,0.02939504880742682,2024-09-30,2024-12-14,churned
SUB00492_1,ACCT00492,Basic,92.07,0.06999240580442175,2024-10-28,2025-08-15,active
SUB00492_2,ACCT00492,Basic,84.85,0.142955084095444,2025-09-24,2025-08-16,active
SUB00493_1,ACCT00493,Enterprise,1838.75,0.08016632887857385,2024-09-27,2025-07-08,churned
SUB00493_2,ACCT00493,Basic,94.97,0.04069494226219785,2025-07-25,2025-08-16,active
SUB00494_1,ACCT00494,Basic,91.71,0.07363406209738776,2024-07-12,2024-09-13,churned
SUB00494_2,ACCT00494,Basic,87.28,0.11835665236798515,2024-10-02,2025-08-16,active
SUB00495_1,ACCT00495,Pro,360.73,0.09591768203354786,2025-02-16,2025-08-16,active
SUB00495_2,ACCT00495,Enterprise,1673.95,0.16260721668385097,2025-08-31,2025-08-16,active
SUB00496_1,ACCT00496,Basic,81.99,0.17178974300214123,2025-03-15,2025-08-16,active
SUB00497_1,ACCT00497,Basic,93.51,0.0554342950021986,2024-08-25,2025-06-27,churned
SUB00497_2,ACCT00497,Pro,330.44,0.17181735020082034,2025-07-10,2025-08-16,active
SUB00498_1,ACCT00498,Pro,371.74,0.06830942832461975,2025-01-15,2025-04-08,churned
SUB00499_1,ACCT00499,Basic,99.0,0.0,2025-03-17,2025-08-16,active
SUB00499_2,ACCT00499,Basic,78.36,0.20844545633231237,2025-08-27,2025-08-16,active
SUB00500_1,ACCT00500,Enterprise,1886.94,0.056055994251102054,2024-07-27,2025-05-28,churned
SUB00500_2,ACCT00500,Pro,372.31,0.06690137841361514,2025-06-24,2025-08-16,active
